[
    {
        "jmhVersion" : "1.37",
        "benchmark" : "org.apache.commons.dbutils.MyBenchmark.measureThroughput",
        "mode" : "thrpt",
        "threads" : 1,
        "forks" : 1,
        "jvm" : "C:\\Program Files\\Java\\jdk-17\\bin\\java.exe",
        "jvmArgs" : [
        ],
        "jdkVersion" : "17.0.6",
        "vmName" : "Java HotSpot(TM) 64-Bit Server VM",
        "vmVersion" : "17.0.6+9-LTS-190",
        "warmupIterations" : 5,
        "warmupTime" : "10 s",
        "warmupBatchSize" : 1,
        "measurementIterations" : 5,
        "measurementTime" : "10 s",
        "measurementBatchSize" : 1,
        "primaryMetric" : {
            "score" : 4.3143388020112835E7,
            "scoreError" : 2479147.3070332874,
            "scoreConfidence" : [
                4.066424071307955E7,
                4.562253532714612E7
            ],
            "scorePercentiles" : {
                "0.0" : 4.2560031962168895E7,
                "50.0" : 4.2893480426032886E7,
                "90.0" : 4.395804673631519E7,
                "95.0" : 4.395804673631519E7,
                "99.0" : 4.395804673631519E7,
                "99.9" : 4.395804673631519E7,
                "99.99" : 4.395804673631519E7,
                "99.999" : 4.395804673631519E7,
                "99.9999" : 4.395804673631519E7,
                "100.0" : 4.395804673631519E7
            },
            "scoreUnit" : "ops/s",
            "rawData" : [
                [
                    4.3696497070435405E7,
                    4.2560031962168895E7,
                    4.395804673631519E7,
                    4.2893480426032886E7,
                    4.26088839056118E7
                ]
            ]
        },
        "secondaryMetrics" : {
        }
    }
]


